published_date,title,url,total_shares,total_facebook_shares,twitter_shares,pinterest_shares,total_reddit_engagements,article_types,video,article_amplifiers,author_name,num_words,thumbnail
2018-08-27,Engineering Inc - September/October 2017 - 35,http://www.nxtbook.com/nxtbooks/acec/engineeringinc0917/index.php?startid=35,0,0,0,0,0,"[""all_content"", ""general_article""]",0,"[""nytimes"", ""nyt"", ""conordougherty""]",Conor Dougherty,421,https://static01.nyt.com/images/2018/06/10/business/10MODULAR-1/10MODULAR-1-facebookJumbo.jpg
2018-08-27,Engineering Inc. - September/October 2016 - 45,http://www.nxtbook.com/nxtbooks/acec/engineeringinc0916/index.php?startid=45,0,0,0,0,0,"[""all_content"", ""why_post"", ""general_article""]",0,,Brooks Parker,1357,https://media.licdn.com/mpr/mpr/shrinknp_800_800/AAIA_wDGAAAAAQAAAAAAAAsTAAAAJDFhZTk2YTlkLWUwN2QtNGI2My1iY2Y2LTQ1ZjFjNTg5MTQyMw.png
2018-08-27,Engineering Inc. - November/December 2016 - 5,http://www.nxtbook.com/nxtbooks/acec/engineeringinc1116/index.php?startid=5,0,0,0,0,0,"[""all_content"", ""general_article""]",0,"[""constructdive""]",,951,https://www.constructiondive.com/user_media/cache/fe/32/fe326bc7580bb4b9a50a1e094beb74f9.jpg
2018-08-27,Engineering Inc - March/April 2017 - 10,http://www.nxtbook.com/nxtbooks/acec/engineeringinc0317/index.php?startid=10,0,0,0,0,0,"[""all_content"", ""general_article""]",0,"[""constructdive""]",Laurie Cowin,1230,https://www.constructiondive.com/user_media/cache/4e/46/4e469dc1b2f0eb185a25ad870f94d240.jpg
2018-08-22,Contractors expect more change in next 5 years than past 50,https://www.constructiondive.com/news/contractors-expect-more-change-in-next-5-years-than-past-50/530454/,111,19,92,0,0,"[""all_content"", ""general_article""]",0,,Unc Mj-school,2706,http://mj.unc.edu/sites/default/files/articles/thumbnails/600x400_frankandrews_0.jpg
2018-08-22,How industry pressure points drive tech innovation,https://www.constructiondive.com/news/how-industry-pressure-points-drive-tech-innovation/530473/,40,8,32,0,0,"[""all_content"", ""general_article""]",0,"[""kimslowey""]",Kim Slowey,405,https://www.constructiondive.com/user_media/cache/a1/93/a1936f515910e34ab05f0a71cf5c2704.jpg
2018-08-21,Make Your Construction Firm Attractive To Private Equity | HJR Global,https://hjrglobal.com/news/6-steps-to-make-your-construction-firm-attractive-to-private-equity/,6,2,4,0,0,"[""all_content"", ""general_article""]",0,"[""cnbc""]",Conor Dougherty,2560,https://fm.cnbc.com/applications/cnbc.com/resources/img/editorial/2018/06/08/105260417-MODULAR_HOUSING_ADV10_5.1910x1000.JPG
2018-08-20,FMI Releases 2018 Engineering and Construction Industry Compensation Data | Markets Insider,https://markets.businessinsider.com/news/stocks/fmi-releases-2018-engineering-and-construction-industry-compensation-data-1027471373,5,1,3,0,1,"[""all_content"", ""general_article""]",0,[],Drew Turney,1155,https://cdn.redshift.autodesk.com/2018/08/1Collaborative-Robotics-header.jpg
2018-08-18,FMI Releases 2018 AGC/FMI Risk Management Study: “Managing Risk in the Digital Age” - GroundBreak Carolinas,https://groundbreakcarolinas.com/fmi-releases-2018-agc-fmi-risk-management-study-managing-risk-in-the-digital-age/,2,1,1,0,0,"[""all_content"", ""general_article""]",0,"[""constructdive"", ""kimslowey""]",Kim Slowey,423,https://www.constructiondive.com/user_media/cache/5d/a2/5da21cccfbd26b74f64388e3aba2f99e.jpg
2018-08-16,Houston: The Key to Tomorrow is Skilled Workforce Development,http://constructioncitizen.com/blog/houston-key-tomorrow-skilled-workforce-development/1808151,5,4,1,0,0,"[""all_content"", ""general_article""]",0,"[""constructdive""]",Kim Slowey,334,https://www.constructiondive.com/user_media/cache/a5/18/a5186c620656abdf780858d570246791.jpg
2018-08-16,FMI Advises CTS in Recapitalization by Bow River Capital Partners,https://www.cnbc.com/2018/08/16/pr-newswire-fmi-advises-cts-in-recapitalization-by-bow-river-capital-partners.html,0,0,0,0,0,"[""all_content"", ""general_article""]",0,"[""lifestructures"", ""builtworlds""]",Builtworlds,844,https://builtworlds.com/wp-content/uploads/2018/04/Matterport_Camera.jpg
2018-08-13,100 Construction Industry Statistics To Improve Productivity - PlanGrid Construction Productivity Blog,https://blog.plangrid.com/2018/08/construction-industry-statistics-to-improve-productivity/,8,3,5,0,0,"[""all_content"", ""general_article""]",0,"[""equipment_world"", ""joypowell""]",Joy Powell,1571,https://www.equipmentworld.com/wp-content/uploads/sites/2/2018/02/Commercial-construction-site-stock-825x373.jpg
2018-08-11,"DBIA celebrates 25 years of design-build education, certification, advocacy",https://dbia.org/about-dbia/25th-anniversary/,0,0,0,0,0,"[""all_content"", ""general_article""]",0,,,3138,
2018-08-09,Survey estimates time and money lost to rework and miscommunication,https://www.constructionspecifier.com/survey-estimates-time-and-money-lost-to-rework-and-miscommunication/,7,2,5,0,0,"[""all_content"", ""what_post"", ""general_article""]",0,,,727,https://www.aerotek.com/-/media/images/aerotek/business-insights/construction-worker-worksite-1152x250-jpg.jpg
